8.0000,867.7530,866.9900,866.2890,865.7230,865.3470,865.1820,865.2190,865.4180,865.7160,866.0490,866.3570,866.5980,866.7490,866.8060,866.7820,866.6980,866.5820,866.4650,866.3780,866.3490,866.4010,866.5460,866.7790,867.0800,867.4100,867.7210,867.9660,868.1060,868.1230,868.0180,867.8110,867.5330,867.2230,866.9170,866.6440,866.4260,866.2750,866.1900,866.1580,866.1550,866.1530,866.1260,866.0560,865.9410,865.7910,865.6300,865.4840,865.3810,865.3400,865.3700,865.4650,865.6080,865.7720,865.9280,866.0440,866.0980,866.0750,865.9700,865.7860,865.5350,865.2350,864.9140,864.6070,864.3560,864.2070,864.1970,864.3480,864.6620,865.1230,865.6930,866.3270,866.9780,867.6040,868.1750,868.6730,869.0870
10.0000,1087.1600,1086.9100,1086.7300,1086.6600,1086.7100,1086.8900,1087.1700,1087.4900,1087.8100,1088.0800,1088.2700,1088.3700,1088.3700,1088.3000,1088.1900,1088.0400,1087.8900,1087.7400,1087.6200,1087.5400,1087.5000,1087.5300,1087.6100,1087.7300,1087.8700,1087.9900,1088.0500,1088.0300,1087.9500,1087.8200,1087.6700,1087.5500,1087.4800,1087.4600,1087.5100,1087.5900,1087.6700,1087.7200,1087.7100,1087.6300,1087.4700,1087.2600,1087.0200,1086.7900,1086.6100,1086.5100,1086.5200,1086.6300,1086.8300,1087.1100,1087.4100,1087.7100,1087.9500,1088.1200,1088.2000,1088.2000,1088.1600,1088.1100,1088.0600,1088.0300,1088.0000,1087.9500,1087.8500,1087.7000,1087.5000,1087.3000,1087.1200,1087.0100,1086.9900,1087.0600,1087.2200,1087.4300,1087.6800,1087.9300,1088.1900,1088.4400
11.0000,1097.4600,1097.1900,1097.0100,1096.9500,1097.0500,1097.3200,1097.7400,1098.2500,1098.7900,1099.2800,1099.6600,1099.8800,1099.9000,1099.7300,1099.3900,1098.9200,1098.4100,1097.9200,1097.5200,1097.2900,1097.2500,1097.4200,1097.7600,1098.2300,1098.7400,1099.2200,1099.6000,1099.8400,1099.9300,1099.8900,1099.7500,1099.5700,1099.4000,1099.2400,1099.1300,1099.0500,1098.9900,1098.9200,1098.8300,1098.7000,1098.5400,1098.3400,1098.1400,1097.9500,1097.8000,1097.7100,1097.6800,1097.7200,1097.8200,1097.9400,1098.0700,1098.1900,1098.2600,1098.2800,1098.2400,1098.1500,1098.0400,1097.9000,1097.7700,1097.6500,1097.5400,1097.4300,1097.3400,1097.2600,1097.2100,1097.2200,1097.3200,1097.5100,1097.8200,1098.2300,1098.7400,1099.3200,1099.9600,1100.6200,1101.2800,1101.9200
12.0000,1084.3500,1085.2400,1086.2400,1087.3000,1088.3900,1089.4800,1090.5200,1091.4800,1092.3000,1092.9700,1093.4400,1093.6900,1093.7400,1093.6000,1093.2900,1092.8700,1092.4100,1091.9500,1091.5800,1091.3500,1091.2800,1091.3900,1091.6300,1091.9500,1092.2700,1092.5200,1092.6300,1092.5800,1092.3900,1092.1000,1091.7800,1091.4800,1091.2500,1091.1200,1091.0700,1091.0900,1091.1300,1091.1700,1091.1500,1091.0600,1090.9100,1090.7100,1090.4800,1090.2700,1090.0900,1089.9700,1089.9100,1089.9100,1089.9600,1090.0400,1090.1500,1090.2600,1090.3500,1090.4100,1090.4300,1090.4100,1090.3700,1090.3100,1090.2500,1090.2000,1090.1700,1090.1500,1090.1400,1090.1600,1090.2100,1090.3000,1090.4600,1090.7000,1091.0300,1091.4600,1091.9800,1092.5800,1093.2200,1093.8800,1094.5200,1095.1100
13.0000,914.8790,915.6360,916.4110,917.1500,917.8010,918.3270,918.7070,918.9440,919.0570,919.0770,919.0350,918.9600,918.8730,918.7800,918.6820,918.5750,918.4540,918.3210,918.1860,918.0660,917.9790,917.9410,917.9570,918.0180,918.1040,918.1890,918.2450,918.2570,918.2240,918.1620,918.0980,918.0660,918.0930,918.1930,918.3610,918.5750,918.8000,918.9960,919.1280,919.1730,919.1300,919.0100,918.8420,918.6550,918.4770,918.3290,918.2190,918.1480,918.1110,918.0960,918.0930,918.0900,918.0780,918.0550,918.0260,918.0020,918.0020,918.0400,918.1230,918.2480,918.3980,918.5460,918.6640,918.7300,918.7320,918.6730,918.5740,918.4640,918.3760,918.3430,918.3850,918.5110,918.7180,918.9870,919.2940,919.6130
16.0000,913.2340,913.6100,914.1280,914.7960,915.5990,916.4960,917.4200,918.2870,919.0100,919.5140,919.7470,919.6930,919.3750,918.8520,918.2040,917.5240,916.8980,916.3920,916.0500,915.8870,915.8980,916.0580,916.3310,916.6730,917.0380,917.3800,917.6580,917.8490,917.9410,917.9450,917.8830,917.7850,917.6820,917.5930,917.5250,917.4720,917.4170,917.3440,917.2360,917.0870,916.8960,916.6740,916.4330,916.1910,915.9660,915.7760,915.6350,915.5540,915.5370,915.5830,915.6860,915.8350,916.0180,916.2250,916.4430,916.6640,916.8760,917.0660,917.2170,917.3140,917.3460,917.3110,917.2200,917.0960,916.9710,916.8800,916.8480,916.8890,917.0010,917.1700,917.3770,917.6060,917.8460,918.0890,918.3350,918.5800
17.0000,909.2220,908.9730,908.8180,908.7930,908.9170,909.1850,909.5650,910.0080,910.4480,910.8160,911.0520,911.1120,910.9760,910.6480,910.1600,909.5660,908.9300,908.3220,907.8020,907.4200,907.1990,907.1430,907.2300,907.4260,907.6880,907.9780,908.2700,908.5570,908.8420,909.1400,909.4620,909.8140,910.1880,910.5610,910.9070,911.1920,911.3860,911.4680,911.4280,911.2700,911.0130,910.6870,910.3300,909.9770,909.6600,909.3970,909.1960,909.0590,908.9820,908.9600,908.9900,909.0680,909.1860,909.3280,909.4690,909.5760,909.6140,909.5500,909.3650,909.0580,908.6510,908.1900,907.7360,907.3590,907.1180,907.0580,907.1950,907.5150,907.9810,908.5420,909.1410,909.7250,910.2540,910.7020,911.0560,911.3160
18.0000,789.5840,790.4810,791.4280,792.3780,793.2840,794.1120,794.8440,795.4760,796.0110,796.4510,796.7970,797.0420,797.1780,797.2000,797.1180,796.9520,796.7420,796.5330,796.3740,796.3030,796.3400,796.4810,796.6960,796.9360,797.1410,797.2570,797.2480,797.1080,796.8570,796.5410,796.2170,795.9390,795.7510,795.6750,795.7130,795.8460,796.0420,796.2590,796.4540,796.5940,796.6570,796.6350,796.5380,796.3850,796.2000,796.0080,795.8290,795.6770,795.5640,795.4920,795.4640,795.4800,795.5370,795.6270,795.7360,795.8460,795.9300,795.9580,795.9070,795.7670,795.5500,795.2900,795.0410,794.8620,794.8020,794.8890,795.1210,795.4710,795.8950,796.3470,796.7880,797.1930,797.5500,797.8590,798.1240,798.3510
26.0000,1032.6200,1031.6800,1030.8100,1030.1000,1029.6400,1029.4800,1029.6200,1030.0000,1030.5100,1031.0100,1031.3900,1031.5500,1031.4200,1031.0400,1030.4600,1029.8100,1029.2000,1028.7600,1028.5700,1028.6600,1029.0300,1029.6200,1030.3400,1031.1000,1031.8100,1032.4000,1032.8100,1033.0500,1033.1000,1032.9900,1032.7500,1032.3900,1031.9400,1031.4200,1030.8800,1030.3800,1029.9600,1029.6900,1029.5900,1029.6600,1029.8600,1030.1300,1030.4000,1030.6100,1030.7200,1030.7400,1030.6600,1030.5200,1030.3500,1030.2100,1030.1300,1030.1300,1030.2200,1030.4000,1030.6000,1030.7600,1030.7900,1030.6200,1030.2000,1029.5100,1028.6100,1027.6100,1026.6300,1025.8400,1025.3800,1025.3300,1025.7200,1026.5200,1027.6200,1028.8900,1030.1900,1031.4000,1032.4100,1033.1800,1033.7000,1033.9900
28.0000,925.9150,927.3370,928.8350,930.3420,931.7960,933.1420,934.3370,935.3470,936.1480,936.7240,937.0690,937.1930,937.1150,936.8740,936.5170,936.1010,935.6900,935.3460,935.1270,935.0780,935.2200,935.5440,936.0050,936.5290,937.0250,937.4050,937.6060,937.5990,937.4010,937.0620,936.6500,936.2360,935.8740,935.5990,935.4180,935.3180,935.2730,935.2500,935.2160,935.1450,935.0220,934.8450,934.6220,934.3700,934.1100,933.8650,933.6590,933.5150,933.4520,933.4840,933.6150,933.8340,934.1180,934.4320,934.7340,934.9820,935.1430,935.1950,935.1300,934.9540,934.6930,934.3870,934.0890,933.8550,933.7370,933.7720,933.9750,934.3360,934.8270,935.4060,936.0280,936.6520,937.2460,937.7890,938.2670,938.6730
47.0000,801.6890,801.1280,800.6230,800.2270,799.9790,799.8900,799.9430,800.0980,800.2990,800.4860,800.6130,800.6490,800.5840,800.4320,800.2160,799.9710,799.7350,799.5400,799.4200,799.3970,799.4880,799.6970,800.0090,800.3980,800.8180,801.2200,801.5530,801.7790,801.8790,801.8540,801.7260,801.5280,801.2980,801.0750,800.8860,800.7540,800.6850,800.6760,800.7100,800.7620,800.8010,800.8020,800.7470,800.6320,800.4680,800.2770,800.0890,799.9300,799.8220,799.7770,799.7930,799.8600,799.9580,800.0630,800.1540,800.2130,800.2310,800.2040,800.1320,800.0200,799.8750,799.7090,799.5370,799.3840,799.2740,799.2320,799.2760,799.4120,799.6370,799.9350,800.2880,800.6720,801.0680,801.4560,801.8220,802.1540
49.0000,1051.1000,1051.2300,1051.4100,1051.6500,1051.9600,1052.3400,1052.7700,1053.2300,1053.7000,1054.1400,1054.5300,1054.8400,1055.0700,1055.2100,1055.2600,1055.2400,1055.1700,1055.0800,1055.0000,1054.9600,1054.9800,1055.0600,1055.2000,1055.3700,1055.5300,1055.6400,1055.6700,1055.6100,1055.4500,1055.2400,1054.9900,1054.7400,1054.5100,1054.3200,1054.1600,1054.0300,1053.9100,1053.7800,1053.6200,1053.4300,1053.2200,1053.0000,1052.8000,1052.6400,1052.5500,1052.5500,1052.6400,1052.8100,1053.0500,1053.3200,1053.6100,1053.8600,1054.0500,1054.1500,1054.1600,1054.0900,1053.9400,1053.7400,1053.5100,1053.2500,1052.9700,1052.6800,1052.4100,1052.1900,1052.0500,1052.0500,1052.2200,1052.5700,1053.0800,1053.7200,1054.4500,1055.2100,1055.9600,1056.6700,1057.3200,1057.9100
50.0000,1082.3100,1082.1700,1082.1500,1082.2900,1082.6200,1083.1400,1083.8300,1084.6100,1085.4200,1086.1600,1086.7500,1087.1300,1087.2500,1087.1300,1086.8000,1086.2900,1085.7000,1085.1100,1084.5900,1084.2300,1084.0800,1084.1800,1084.5200,1085.0400,1085.6700,1086.2800,1086.8000,1087.1300,1087.2500,1087.1600,1086.9200,1086.6000,1086.2500,1085.9300,1085.6600,1085.4600,1085.3100,1085.1900,1085.0600,1084.9200,1084.7500,1084.5600,1084.3700,1084.1900,1084.0700,1084.0100,1084.0200,1084.0900,1084.2100,1084.3500,1084.4600,1084.5300,1084.5200,1084.4200,1084.2400,1083.9900,1083.7100,1083.4400,1083.2100,1083.0300,1082.9200,1082.8600,1082.8600,1082.9300,1083.0700,1083.3000,1083.6400,1084.1000,1084.6700,1085.3300,1086.0400,1086.7700,1087.4900,1088.1800,1088.8300,1089.4200
51.0000,1024.1000,1024.5500,1025.0900,1025.7200,1026.4200,1027.2000,1028.0200,1028.8400,1029.6100,1030.2800,1030.8000,1031.1200,1031.2500,1031.1700,1030.9300,1030.5600,1030.1500,1029.7600,1029.4600,1029.3000,1029.3200,1029.4900,1029.7900,1030.1600,1030.5000,1030.7600,1030.8800,1030.8500,1030.6800,1030.4100,1030.1100,1029.8300,1029.5900,1029.4300,1029.3400,1029.2800,1029.2400,1029.1800,1029.0700,1028.9000,1028.6900,1028.4500,1028.2000,1027.9800,1027.8100,1027.6900,1027.6300,1027.6300,1027.6700,1027.7500,1027.8500,1027.9700,1028.0700,1028.1600,1028.1900,1028.1700,1028.0800,1027.9300,1027.7100,1027.4600,1027.1900,1026.9400,1026.7600,1026.6800,1026.7500,1026.9700,1027.3600,1027.9000,1028.5600,1029.2900,1030.0600,1030.8300,1031.5700,1032.2600,1032.8700,1033.4000
52.0000,884.1310,884.3450,884.5420,884.7070,884.8300,884.9080,884.9470,884.9580,884.9560,884.9520,884.9570,884.9760,885.0120,885.0650,885.1290,885.1990,885.2690,885.3330,885.3890,885.4400,885.4890,885.5400,885.5900,885.6340,885.6610,885.6590,885.6230,885.5540,885.4640,885.3710,885.2960,885.2550,885.2560,885.2920,885.3500,885.4070,885.4410,885.4380,885.3910,885.3080,885.2060,885.1060,885.0300,884.9940,885.0030,885.0520,885.1280,885.2150,885.2970,885.3630,885.4080,885.4300,885.4350,885.4280,885.4160,885.4020,885.3850,885.3630,885.3280,885.2730,885.1970,885.1000,884.9910,884.8820,884.7890,884.7280,884.7130,884.7580,884.8680,885.0450,885.2830,885.5710,885.8930,886.2320,886.5660,886.8780
53.0000,872.0000,872.1040,872.3230,872.6810,873.1790,873.7990,874.4960,875.2100,875.8690,876.4070,876.7700,876.9260,876.8700,876.6230,876.2260,875.7350,875.2120,874.7140,874.2940,873.9880,873.8180,873.7860,873.8760,874.0580,874.2910,874.5400,874.7760,874.9860,875.1730,875.3500,875.5340,875.7350,875.9500,876.1630,876.3470,876.4700,876.5020,876.4240,876.2330,875.9410,875.5730,875.1660,874.7570,874.3790,874.0580,873.8080,873.6350,873.5390,873.5150,873.5530,873.6440,873.7760,873.9340,874.0990,874.2520,874.3710,874.4360,874.4320,874.3500,874.1930,873.9770,873.7320,873.4990,873.3240,873.2520,873.3120,873.5180,873.8620,874.3180,874.8530,875.4330,876.0280,876.6200,877.1950,877.7460,878.2630
54.0000,841.7820,842.1260,842.5750,843.1310,843.7860,844.5160,845.2820,846.0350,846.7200,847.2850,847.6890,847.9120,847.9580,847.8560,847.6550,847.4100,847.1770,847.0000,846.9030,846.8850,846.9280,846.9960,847.0470,847.0480,846.9780,846.8440,846.6730,846.5070,846.3930,846.3650,846.4370,846.5930,846.7980,846.9980,847.1400,847.1790,847.0900,846.8710,846.5440,846.1470,845.7260,845.3230,844.9670,844.6730,844.4370,844.2520,844.1070,844.0040,843.9530,843.9710,844.0740,844.2710,844.5510,844.8850,845.2310,845.5340,845.7430,845.8140,845.7230,845.4680,845.0760,844.6020,844.1230,843.7260,843.4920,843.4820,843.7230,844.2060,844.8900,845.7180,846.6280,847.5620,848.4780,849.3480,850.1510,850.8740
58.0000,972.0760,971.4790,970.9170,970.4540,970.1470,970.0290,970.1020,970.3310,970.6510,970.9740,971.2080,971.2730,971.1200,970.7440,970.1840,969.5230,968.8640,968.3110,967.9500,967.8320,967.9650,968.3180,968.8300,969.4230,970.0210,970.5600,970.9970,971.3160,971.5140,971.6010,971.5820,971.4590,971.2330,970.9100,970.5140,970.0870,969.6890,969.3850,969.2270,969.2410,969.4210,969.7320,970.1170,970.5150,970.8690,971.1400,971.3070,971.3720,971.3520,971.2770,971.1840,971.1040,971.0520,971.0200,970.9720,970.8480,970.5810,970.1100,969.4040,968.4770,967.3960,966.2770,965.2660,964.5160,964.1500,964.2390,964.7890,965.7360,966.9700,968.3560,969.7590,971.0650,972.1970,973.1150,973.8110,974.3060
60.0000,890.5040,891.6810,892.9450,894.2340,895.4860,896.6360,897.6360,898.4470,899.0500,899.4420,899.6340,899.6470,899.5090,899.2570,898.9280,898.5630,898.2050,897.8970,897.6810,897.5900,897.6420,897.8340,898.1380,898.5080,898.8890,899.2270,899.4820,899.6340,899.6850,899.6520,899.5590,899.4280,899.2770,899.1130,898.9380,898.7480,898.5390,898.3090,898.0580,897.7930,897.5260,897.2740,897.0500,896.8700,896.7410,896.6670,896.6450,896.6700,896.7340,896.8250,896.9320,897.0390,897.1290,897.1870,897.1990,897.1590,897.0690,896.9360,896.7750,896.6050,896.4480,896.3290,896.2750,896.3110,896.4540,896.7140,897.0840,897.5460,898.0690,898.6200,899.1670,899.6860,900.1650,900.5990,900.9890,901.3380
251.0000,787.1650,785.6820,784.2270,782.9460,781.9760,781.4100,781.2740,781.5250,782.0580,782.7340,783.4090,783.9630,784.3210,784.4530,784.3770,784.1430,783.8180,783.4720,783.1640,782.9390,782.8170,782.8010,782.8750,783.0130,783.1800,783.3460,783.4850,783.5860,783.6510,783.6950,783.7430,783.8170,783.9370,784.1040,784.3060,784.5140,784.6930,784.8040,784.8150,784.7060,784.4730,784.1320,783.7120,783.2580,782.8180,782.4360,782.1460,781.9630,781.8810,781.8790,781.9260,781.9910,782.0500,782.0890,782.1070,782.1130,782.1160,782.1220,782.1310,782.1340,782.1180,782.0740,782.0020,781.9150,781.8380,781.8060,781.8510,781.9900,782.2180,782.4990,782.7760,782.9790,783.0470,782.9410,782.6560,782.2200
252.0000,912.9460,912.4880,911.9820,911.4760,911.0320,910.7150,910.5760,910.6350,910.8730,911.2310,911.6190,911.9430,912.1240,912.1210,911.9360,911.6130,911.2270,910.8570,910.5720,910.4170,910.4050,910.5240,910.7440,911.0270,911.3420,911.6660,911.9870,912.3040,912.6220,912.9460,913.2720,913.5870,913.8640,914.0690,914.1650,914.1210,913.9190,913.5570,913.0550,912.4530,911.8140,911.2120,910.7230,910.4160,910.3330,910.4790,910.8230,911.2970,911.8090,912.2640,912.5780,912.6930,912.5910,912.2970,911.8740,911.4140,911.0160,910.7660,910.7160,910.8680,911.1780,911.5630,911.9340,912.2140,912.3640,912.3890,912.3240,912.2220,912.1310,912.0770,912.0650,912.0780,912.0940,912.0920,912.0620,912.0050
253.0000,898.3210,898.1010,898.1550,898.5050,899.1170,899.8990,900.7200,901.4240,901.8640,901.9280,901.5640,900.7910,899.7030,898.4560,897.2380,896.2360,895.5980,895.4020,895.6410,896.2290,897.0090,897.7900,898.3780,898.6200,898.4420,897.8770,897.0590,896.2010,895.5420,895.2850,895.5460,896.3290,897.5240,898.9440,900.3670,901.5840,902.4350,902.8280,902.7470,902.2380,901.3970,900.3410,899.1860,898.0340,896.9570,896.0050,895.2130,894.6120,894.2310,894.0950,894.2160,894.5810,895.1500,895.8490,896.5820,897.2360,897.6930,897.8490,897.6380,897.0580,896.1890,895.1940,894.2900,893.7000,893.5910,894.0230,894.9240,896.1110,897.3350,898.3470,898.9590,899.0740,898.7000,897.9260,896.8860,895.7270
254.0000,880.5200,880.6080,880.7830,881.0250,881.2970,881.5570,881.7710,881.9240,882.0190,882.0680,882.0750,882.0230,881.8800,881.6100,881.1950,880.6530,880.0400,879.4390,878.9290,878.5660,878.3560,878.2550,878.1790,878.0290,877.7230,877.2240,876.5570,875.8080,875.1050,874.5900,874.3840,874.5600,875.1320,876.0550,877.2370,878.5590,879.8910,881.1120,882.1260,882.8740,883.3440,883.5700,883.6180,883.5680,883.4900,883.4330,883.4160,883.4420,883.5050,883.6000,883.7280,883.8900,884.0810,884.2840,884.4710,884.6010,884.6330,884.5260,884.2530,883.8040,883.1910,882.4460,881.6210,880.7830,880.0030,879.3450,878.8580,878.5770,878.5210,878.7030,879.1380,879.8410,880.8200,882.0620,883.5230,885.1220
255.0000,854.7790,855.0760,855.4150,855.7790,856.1420,856.4760,856.7520,856.9470,857.0450,857.0370,856.9250,856.7110,856.4060,856.0230,855.5820,855.1100,854.6360,854.1930,853.8100,853.5120,853.3150,853.2310,853.2570,853.3810,853.5760,853.8060,854.0340,854.2370,854.4060,854.5550,854.7100,854.8980,855.1350,855.4190,855.7330,856.0460,856.3270,856.5520,856.7050,856.7830,856.7870,856.7230,856.6020,856.4340,856.2380,856.0350,855.8490,855.7000,855.6020,855.5600,855.5720,855.6360,855.7500,855.9140,856.1270,856.3800,856.6520,856.9110,857.1200,857.2480,857.2780,857.2120,857.0680,856.8770,856.6700,856.4730,856.2970,856.1390,855.9810,855.7970,855.5630,855.2620,854.8940,854.4710,854.0210,853.5770
1001.0000,1016.4300,1017.2100,1018.1900,1019.3300,1020.5700,1021.8200,1022.9900,1023.9600,1024.6600,1025.0500,1025.1200,1024.9000,1024.4600,1023.8700,1023.2300,1022.6000,1022.0600,1021.6400,1021.3600,1021.2300,1021.2500,1021.3800,1021.6000,1021.8700,1022.1400,1022.3700,1022.5400,1022.6300,1022.6200,1022.5600,1022.4600,1022.3900,1022.3800,1022.4800,1022.6700,1022.9500,1023.2700,1023.5700,1023.7900,1023.8800,1023.8300,1023.6200,1023.2900,1022.8600,1022.3700,1021.8700,1021.3900,1020.9600,1020.5900,1020.2900,1020.0700,1019.9500,1019.9400,1020.0400,1020.2700,1020.6300,1021.1100,1021.6700,1022.2900,1022.9100,1023.4700,1023.9200,1024.2200,1024.3300,1024.2800,1024.0700,1023.7700,1023.4300,1023.1200,1022.8800,1022.7700,1022.8100,1022.9900,1023.3100,1023.7200,1024.1800
1002.0000,1038.1900,1039.1100,1040.1000,1041.1000,1042.0700,1042.9700,1043.7700,1044.4500,1045.0000,1045.4100,1045.6900,1045.8100,1045.7900,1045.6400,1045.3500,1044.9700,1044.5300,1044.1000,1043.7200,1043.4500,1043.3000,1043.3000,1043.4200,1043.6200,1043.8500,1044.0700,1044.2500,1044.3600,1044.4000,1044.3800,1044.3300,1044.2500,1044.1700,1044.0800,1044.0000,1043.9100,1043.7900,1043.6400,1043.4700,1043.2700,1043.0600,1042.8600,1042.6900,1042.5800,1042.5200,1042.5300,1042.6100,1042.7500,1042.9400,1043.1600,1043.3900,1043.6100,1043.7900,1043.9300,1044.0100,1044.0300,1044.0000,1043.9200,1043.7900,1043.6200,1043.4200,1043.2000,1042.9700,1042.7700,1042.6200,1042.5600,1042.6000,1042.7700,1043.0400,1043.4200,1043.8600,1044.3500,1044.8500,1045.3400,1045.8100,1046.2400
1003.0000,903.0380,903.1990,903.4530,903.8060,904.2520,904.7650,905.3010,905.8090,906.2330,906.5260,906.6550,906.6050,906.3820,906.0100,905.5260,904.9750,904.4060,903.8690,903.4110,903.0740,902.8900,902.8810,903.0460,903.3630,903.7870,904.2600,904.7180,905.1040,905.3830,905.5470,905.6110,905.6120,905.5930,905.5930,905.6330,905.7150,905.8200,905.9140,905.9540,905.9020,905.7340,905.4430,905.0500,904.5970,904.1450,903.7610,903.5020,903.4080,903.4850,903.7090,904.0300,904.3820,904.7020,904.9420,905.0810,905.1290,905.1240,905.1150,905.1500,905.2570,905.4330,905.6480,905.8510,905.9900,906.0240,905.9410,905.7540,905.4990,905.2250,904.9790,904.7990,904.7070,904.7110,904.8060,904.9760,905.1970
1005.0000,905.3520,906.0030,906.8010,907.7370,908.7860,909.8990,911.0140,912.0590,912.9660,913.6820,914.1750,914.4440,914.5080,914.4080,914.1910,913.9090,913.6070,913.3240,913.0900,912.9290,912.8500,912.8530,912.9190,913.0150,913.0980,913.1230,913.0550,912.8780,912.5950,912.2340,911.8360,911.4470,911.1090,910.8520,910.6910,910.6250,910.6390,910.7060,910.7960,910.8740,910.9120,910.8910,910.8080,910.6770,910.5230,910.3790,910.2810,910.2530,910.3070,910.4370,910.6180,910.8140,910.9820,911.0850,911.1030,911.0310,910.8830,910.6840,910.4600,910.2380,910.0390,909.8820,909.7850,909.7710,909.8600,910.0670,910.3940,910.8290,911.3480,911.9170,912.5010,913.0710,913.6070,914.0970,914.5380,914.9300
1006.0000,391.0980,390.1270,389.1370,388.1800,387.2980,386.5250,385.8770,385.3570,384.9520,384.6420,384.4000,384.2040,384.0320,383.8730,383.7200,383.5690,383.4250,383.2890,383.1650,383.0540,382.9580,382.8780,382.8190,382.7900,382.8030,382.8700,382.9980,383.1870,383.4290,383.7080,384.0100,384.3260,384.6560,385.0060,385.3830,385.7860,386.1990,386.5970,386.9470,387.2250,387.4200,387.5360,387.5930,387.6140,387.6200,387.6220,387.6210,387.6080,387.5720,387.5010,387.3860,387.2220,387.0110,386.7660,386.5080,386.2660,386.0720,385.9520,385.9180,385.9620,386.0540,386.1490,386.1920,386.1420,385.9710,385.6820,385.2970,384.8590,384.4130,384.0020,383.6530,383.3790,383.1780,383.0370,382.9390,382.8670
1007.0000,811.3370,811.6540,812.1340,812.8020,813.6620,814.6850,815.8160,816.9790,818.0890,819.0710,819.8700,820.4560,820.8280,821.0070,821.0260,820.9230,820.7320,820.4880,820.2200,819.9560,819.7200,819.5310,819.3950,819.3040,819.2390,819.1710,819.0720,818.9210,818.7130,818.4580,818.1810,817.9120,817.6820,817.5120,817.4090,817.3670,817.3670,817.3770,817.3650,817.2980,817.1560,816.9330,816.6410,816.3100,815.9810,815.7030,815.5150,815.4470,815.5060,815.6740,815.9100,816.1580,816.3560,816.4540,816.4260,816.2750,816.0320,815.7480,815.4790,815.2720,815.1620,815.1690,815.3000,815.5540,815.9270,816.4080,816.9770,817.6080,818.2670,818.9170,819.5280,820.0780,820.5600,820.9790,821.3430,821.6640
1008.0000,880.5090,880.9560,881.5120,882.1660,882.8920,883.6490,884.3820,885.0330,885.5480,885.8880,886.0340,885.9930,885.7920,885.4820,885.1230,884.7770,884.5010,884.3380,884.3150,884.4360,884.6890,885.0370,885.4310,885.8100,886.1120,886.2840,886.2930,886.1330,885.8280,885.4320,885.0160,884.6500,884.3950,884.2810,884.3060,884.4370,884.6190,884.7840,884.8680,884.8210,884.6140,884.2430,883.7330,883.1310,882.5060,881.9320,881.4780,881.1990,881.1210,881.2440,881.5380,881.9570,882.4480,882.9580,883.4510,883.9020,884.3030,884.6560,884.9630,885.2250,885.4370,885.5900,885.6760,885.6880,885.6310,885.5130,885.3520,885.1670,884.9790,884.8060,884.6630,884.5600,884.5040,884.4960,884.5300,884.5970
1009.0000,594.0950,593.5490,593.1370,592.9330,592.9840,593.2920,593.8150,594.4650,595.1310,595.6980,596.0690,596.1810,596.0150,595.5970,594.9900,594.2830,593.5730,592.9530,592.4970,592.2550,592.2460,592.4590,592.8540,593.3730,593.9450,594.5000,594.9810,595.3490,595.5920,595.7190,595.7580,595.7440,595.7110,595.6840,595.6760,595.6840,595.6930,595.6820,595.6230,595.4980,595.2960,595.0190,594.6850,594.3190,593.9540,593.6200,593.3450,593.1480,593.0390,593.0180,593.0730,593.1820,593.3110,593.4210,593.4730,593.4360,593.2950,593.0500,592.7190,592.3350,591.9400,591.5830,591.3180,591.1910,591.2410,591.4870,591.9230,592.5190,593.2240,593.9750,594.7100,595.3750,595.9370,596.3810,596.7110,596.9420
1010.0000,976.2720,977.0580,978.0070,979.1080,980.3290,981.6170,982.8960,984.0860,985.1100,985.9090,986.4570,986.7590,986.8540,986.8040,986.6830,986.5580,986.4840,986.4890,986.5780,986.7300,986.9040,987.0380,987.0610,986.8980,986.4930,985.8190,984.8980,983.8040,982.6560,981.6020,980.7850,980.3180,980.2570,980.5920,981.2540,982.1240,983.0620,983.9260,984.5970,984.9870,985.0540,984.8020,984.2780,983.5650,982.7730,982.0180,981.4080,981.0270,980.9190,981.0870,981.4910,982.0610,982.7110,983.3590,983.9380,984.4080,984.7510,984.9690,985.0660,985.0420,984.8910,984.6050,984.1910,983.6790,983.1270,982.6150,982.2310,982.0470,982.1050,982.4050,982.9120,983.5630,984.2850,985.0130,985.6950,986.2980
1011.0000,868.1090,867.8560,867.7920,867.9910,868.4900,869.2860,870.3250,871.5150,872.7410,873.8910,874.8730,875.6270,876.1310,876.3940,876.4460,876.3330,876.1020,875.8040,875.4860,875.1940,874.9670,874.8270,874.7800,874.8070,874.8690,874.9160,874.9010,874.7900,874.5750,874.2690,873.9080,873.5340,873.1910,872.9110,872.7130,872.6010,872.5600,872.5650,872.5780,872.5580,872.4700,872.2960,872.0370,871.7180,871.3820,871.0820,870.8650,870.7630,870.7820,870.9000,871.0710,871.2340,871.3310,871.3160,871.1700,870.9030,870.5530,870.1730,869.8190,869.5460,869.3970,869.4040,869.5880,869.9550,870.4990,871.1960,872.0040,872.8690,873.7270,874.5180,875.1940,875.7280,876.1160,876.3740,876.5290,876.6160
1012.0000,693.8280,693.9670,694.2200,694.6060,695.1240,695.7430,696.4100,697.0500,697.5860,697.9500,698.0970,698.0100,697.7060,697.2250,696.6280,695.9860,695.3720,694.8530,694.4840,694.3070,694.3390,694.5760,694.9870,695.5170,696.0970,696.6540,697.1260,697.4690,697.6680,697.7290,697.6790,697.5550,697.3930,697.2240,697.0720,696.9490,696.8610,696.8020,696.7620,696.7260,696.6760,696.6000,696.4930,696.3570,696.2020,696.0450,695.9030,695.7900,695.7190,695.6960,695.7220,695.7910,695.8880,695.9920,696.0790,696.1190,696.0900,695.9730,695.7590,695.4530,695.0750,694.6630,694.2730,693.9630,693.7950,693.8090,694.0260,694.4350,695.0030,695.6780,696.4050,697.1310,697.8170,698.4380,698.9800,699.4400
1013.0000,892.3950,892.6730,893.1540,893.8740,894.8390,896.0120,897.3210,898.6680,899.9500,901.0770,901.9910,902.6690,903.1190,903.3730,903.4660,903.4360,903.3120,903.1240,902.9020,902.6790,902.4900,902.3630,902.3060,902.3040,902.3160,902.2860,902.1590,901.8940,901.4790,900.9350,900.3110,899.6660,899.0640,898.5550,898.1700,897.9200,897.7950,897.7710,897.8120,897.8780,897.9290,897.9400,897.8990,897.8130,897.7080,897.6180,897.5770,897.6100,897.7240,897.9020,898.1140,898.3120,898.4530,898.5020,898.4470,898.3040,898.1130,897.9300,897.8140,897.8080,897.9350,898.1930,898.5570,898.9890,899.4490,899.9030,900.3230,900.6940,901.0090,901.2680,901.4770,901.6460,901.7910,901.9260,902.0610,902.2030
1014.0000,632.0010,631.9040,631.8710,631.9230,632.0680,632.2920,632.5600,632.8240,633.0330,633.1400,633.1170,632.9560,632.6730,632.3050,631.9050,631.5310,631.2420,631.0830,631.0780,631.2280,631.5080,631.8700,632.2540,632.5950,632.8330,632.9310,632.8750,632.6810,632.3910,632.0620,631.7560,631.5240,631.3980,631.3880,631.4860,631.6720,631.9210,632.2030,632.4900,632.7490,632.9450,633.0450,633.0210,632.8640,632.5830,632.2070,631.7860,631.3750,631.0290,630.7970,630.7130,630.7910,631.0250,631.3890,631.8380,632.3130,632.7520,633.0990,633.3080,633.3540,633.2350,632.9700,632.6000,632.1790,631.7650,631.4090,631.1510,631.0100,630.9870,631.0680,631.2290,631.4430,631.6850,631.9390,632.1900,632.4280
1015.0000,839.7780,840.0550,840.4280,840.9000,841.4580,842.0690,842.6890,843.2660,843.7500,844.1020,844.2990,844.3390,844.2400,844.0380,843.7790,843.5150,843.2940,843.1570,843.1290,843.2180,843.4120,843.6840,843.9940,844.2920,844.5330,844.6790,844.7130,844.6380,844.4790,844.2790,844.0860,843.9390,843.8640,843.8620,843.9110,843.9720,844.0010,843.9540,843.7980,843.5180,843.1170,842.6200,842.0630,841.4960,840.9670,840.5200,840.1860,839.9830,839.9180,839.9830,840.1650,840.4440,840.7970,841.2000,841.6280,842.0600,842.4800,842.8730,843.2240,843.5190,843.7440,843.8830,843.9300,843.8860,843.7680,843.6030,843.4270,843.2770,843.1850,843.1730,843.2510,843.4130,843.6470,843.9300,844.2380,844.5460
1016.0000,946.7430,948.0240,949.4060,950.8270,952.2210,953.5210,954.6690,955.6180,956.3370,956.8150,957.0610,957.1030,956.9820,956.7480,956.4510,956.1330,955.8260,955.5540,955.3290,955.1590,955.0460,954.9810,954.9460,954.9120,954.8430,954.7070,954.4830,954.1760,953.8160,953.4550,953.1530,952.9610,952.9070,952.9840,953.1570,953.3730,953.5740,953.7170,953.7790,953.7570,953.6660,953.5300,953.3760,953.2290,953.1140,953.0550,953.0720,953.1850,953.3980,953.7050,954.0800,954.4830,954.8690,955.1950,955.4310,955.5620,955.5900,955.5250,955.3810,955.1720,954.9100,954.6110,954.2930,953.9830,953.7110,953.5060,953.3940,953.3890,953.4990,953.7260,954.0660,954.5140,955.0590,955.6870,956.3710,957.0770
1017.0000,921.4030,922.5420,923.8090,925.1540,926.5150,927.8260,929.0220,930.0490,930.8640,931.4470,931.7920,931.9170,931.8520,931.6450,931.3450,931.0060,930.6770,930.3930,930.1790,930.0480,929.9950,930.0080,930.0630,930.1310,930.1850,930.2000,930.1580,930.0580,929.9080,929.7280,929.5430,929.3740,929.2360,929.1330,929.0630,929.0140,928.9780,928.9510,928.9290,928.9130,928.9050,928.9000,928.8920,928.8750,928.8400,928.7860,928.7140,928.6290,928.5380,928.4460,928.3530,928.2550,928.1460,928.0250,927.8980,927.7800,927.6960,927.6700,927.7160,927.8350,928.0120,928.2180,928.4240,928.6050,928.7560,928.8850,929.0170,929.1830,929.4100,929.7170,930.1070,930.5700,931.0850,931.6230,932.1530,932.6460
1018.0000,1043.0000,1044.0400,1045.2400,1046.5500,1047.9200,1049.2700,1050.5200,1051.5900,1052.4100,1052.9500,1053.1800,1053.1200,1052.8200,1052.3100,1051.6600,1050.9300,1050.2000,1049.5200,1048.9400,1048.5100,1048.2700,1048.2400,1048.4100,1048.7400,1049.1800,1049.6700,1050.1500,1050.5500,1050.8600,1051.0600,1051.1600,1051.1800,1051.1500,1051.1000,1051.0100,1050.9100,1050.7600,1050.5600,1050.3000,1050.0000,1049.6600,1049.3300,1049.0300,1048.8000,1048.6600,1048.6200,1048.6800,1048.8200,1049.0200,1049.2300,1049.4200,1049.5400,1049.5800,1049.5100,1049.3600,1049.1600,1048.9500,1048.7800,1048.6800,1048.6700,1048.7500,1048.8900,1049.0700,1049.2400,1049.4200,1049.5800,1049.7500,1049.9400,1050.1600,1050.4500,1050.7900,1051.1800,1051.6200,1052.1000,1052.5800,1053.0500
1019.0000,742.6770,743.0280,743.4240,743.8610,744.3360,744.8460,745.3820,745.9330,746.4730,746.9670,747.3690,747.6340,747.7230,747.6180,747.3280,746.8900,746.3690,745.8460,745.4010,745.1040,744.9970,745.0880,745.3520,745.7320,746.1580,746.5570,746.8710,747.0660,747.1370,747.1030,747.0020,746.8760,746.7630,746.6910,746.6740,746.7120,746.7910,746.8880,746.9730,747.0180,747.0000,746.9090,746.7520,746.5500,746.3300,746.1210,745.9480,745.8210,745.7440,745.7130,745.7220,745.7670,745.8400,745.9320,746.0210,746.0810,746.0780,745.9830,745.7850,745.4930,745.1470,744.8090,744.5480,744.4280,744.4860,744.7290,745.1290,745.6370,746.1920,746.7390,747.2290,747.6310,747.9290,748.1180,748.2080,748.2140
1020.0000,956.0540,957.1030,958.3620,959.8050,961.3830,963.0140,964.5980,966.0210,967.1750,967.9740,968.3650,968.3370,967.9190,967.1750,966.1930,965.0760,963.9270,962.8470,961.9240,961.2290,960.8050,960.6660,960.7960,961.1440,961.6410,962.2070,962.7710,963.2750,963.6890,964.0090,964.2500,964.4390,964.6030,964.7600,964.9120,965.0530,965.1630,965.2230,965.2160,965.1350,964.9850,964.7770,964.5340,964.2800,964.0370,963.8200,963.6400,963.4930,963.3710,963.2600,963.1430,963.0090,962.8520,962.6790,962.5050,962.3580,962.2660,962.2550,962.3370,962.5110,962.7570,963.0480,963.3490,963.6290,963.8680,964.0550,964.1960,964.3100,964.4250,964.5770,964.7970,965.1100,965.5230,966.0260,966.5930,967.1830
1021.0000,890.2920,891.9940,893.7860,895.5730,897.2560,898.7490,899.9870,900.9330,901.5790,901.9480,902.0830,902.0410,901.8860,901.6760,901.4590,901.2710,901.1360,901.0700,901.0850,901.1850,901.3710,901.6270,901.9240,902.2130,902.4380,902.5390,902.4760,902.2310,901.8190,901.2820,900.6810,900.0800,899.5380,899.1020,898.7950,898.6270,898.5850,898.6450,898.7700,898.9180,899.0480,899.1270,899.1370,899.0750,898.9530,898.7940,898.6320,898.4990,898.4270,898.4390,898.5420,898.7270,898.9670,899.2240,899.4560,899.6300,899.7270,899.7420,899.6850,899.5760,899.4400,899.3040,899.1940,899.1340,899.1440,899.2360,899.4130,899.6720,900.0030,900.3990,900.8560,901.3690,901.9360,902.5490,903.1920,903.8400
1022.0000,880.1460,880.7960,881.6050,882.5660,883.6470,884.7970,885.9440,887.0120,887.9290,888.6440,889.1290,889.3870,889.4450,889.3460,889.1440,888.8880,888.6280,888.4030,888.2440,888.1730,888.1990,888.3130,888.4920,888.6990,888.8890,889.0230,889.0730,889.0300,888.9050,888.7200,888.5020,888.2740,888.0470,887.8240,887.5960,887.3530,887.0860,886.7900,886.4660,886.1220,885.7710,885.4320,885.1250,884.8690,884.6770,884.5560,884.5060,884.5200,884.5880,884.7000,884.8460,885.0150,885.1960,885.3770,885.5480,885.6970,885.8130,885.8900,885.9180,885.8960,885.8250,885.7150,885.5900,885.4810,885.4280,885.4740,885.6510,885.9790,886.4570,887.0620,887.7580,888.5000,889.2420,889.9480,890.5910,891.1550
1023.0000,1032.2900,1032.9400,1033.7100,1034.5900,1035.5300,1036.5000,1037.4400,1038.3000,1039.0100,1039.5200,1039.8000,1039.8200,1039.5800,1039.1300,1038.5000,1037.7700,1037.0400,1036.4000,1035.9200,1035.6600,1035.6300,1035.8100,1036.1600,1036.6000,1037.0400,1037.4200,1037.6800,1037.8300,1037.8800,1037.8900,1037.9000,1037.9400,1038.0500,1038.1900,1038.3600,1038.4900,1038.5400,1038.4900,1038.3100,1038.0200,1037.6300,1037.1700,1036.7000,1036.2500,1035.8500,1035.5600,1035.3900,1035.3500,1035.4400,1035.6500,1035.9500,1036.3000,1036.6600,1036.9900,1037.2500,1037.4300,1037.5200,1037.5100,1037.4100,1037.2200,1036.9200,1036.5500,1036.1400,1035.7200,1035.3800,1035.1700,1035.1500,1035.3300,1035.7100,1036.2200,1036.8100,1037.4000,1037.9400,1038.3700,1038.7100,1038.9400
1024.0000,959.6280,960.6190,961.7930,963.1210,964.5530,966.0170,967.4290,968.7070,969.7770,970.5910,971.1270,971.3950,971.4300,971.2800,971.0020,970.6520,970.2810,969.9350,969.6550,969.4750,969.4170,969.4890,969.6780,969.9510,970.2560,970.5340,970.7310,970.8090,970.7520,970.5680,970.2840,969.9370,969.5650,969.2000,968.8610,968.5570,968.2890,968.0460,967.8190,967.5930,967.3590,967.1150,966.8650,966.6210,966.4000,966.2210,966.1000,966.0440,966.0510,966.1080,966.1930,966.2800,966.3440,966.3710,966.3600,966.3250,966.2930,966.2950,966.3530,966.4790,966.6660,966.8930,967.1390,967.3860,967.6290,967.8780,968.1550,968.4830,968.8810,969.3540,969.8970,970.4890,971.1070,971.7240,972.3140,972.8570
1025.0000,935.4880,935.7410,936.1480,936.7270,937.4730,938.3460,939.2800,940.1870,940.9790,941.5810,941.9470,942.0700,941.9840,941.7520,941.4550,941.1740,940.9740,940.8910,940.9350,941.0850,941.3020,941.5350,941.7310,941.8390,941.8180,941.6450,941.3160,940.8550,940.3110,939.7500,939.2490,938.8720,938.6660,938.6430,938.7840,939.0410,939.3470,939.6320,939.8300,939.8920,939.7890,939.5180,939.1060,938.6010,938.0770,937.6130,937.2870,937.1550,937.2410,937.5350,937.9870,938.5280,939.0770,939.5660,939.9490,940.2090,940.3590,940.4240,940.4330,940.4060,940.3470,940.2520,940.1120,939.9320,939.7290,939.5360,939.3900,939.3190,939.3380,939.4360,939.5890,939.7630,939.9260,940.0570,940.1510,940.2100
1026.0000,991.0940,992.3150,993.6450,995.0250,996.3840,997.6520,998.7680,999.6830,1000.3700,1000.8000,1000.9900,1000.9400,1000.6700,1000.2200,999.6250,998.9510,998.2650,997.6420,997.1510,996.8450,996.7470,996.8480,997.1080,997.4600,997.8330,998.1610,998.4020,998.5430,998.5990,998.6050,998.6040,998.6290,998.6960,998.8040,998.9360,999.0680,999.1770,999.2470,999.2650,999.2240,999.1180,998.9420,998.6950,998.3830,998.0240,997.6480,997.2900,996.9870,996.7670,996.6440,996.6170,996.6740,996.7920,996.9500,997.1240,997.2970,997.4540,997.5810,997.6700,997.7140,997.7180,997.6910,997.6550,997.6370,997.6610,997.7470,997.9060,998.1350,998.4250,998.7610,999.1330,999.5330,999.9560,1000.4000,1000.8500,1001.3100
1027.0000,897.4200,897.2450,897.1620,897.2110,897.4130,897.7640,898.2310,898.7610,899.2820,899.7220,900.0190,900.1300,900.0370,899.7460,899.2850,898.6980,898.0390,897.3670,896.7430,896.2240,895.8620,895.6910,895.7250,895.9530,896.3390,896.8290,897.3560,897.8580,898.2830,898.6020,898.8080,898.9160,898.9540,898.9560,898.9540,898.9720,899.0190,899.0900,899.1650,899.2180,899.2220,899.1560,899.0140,898.8090,898.5670,898.3270,898.1240,897.9870,897.9240,897.9300,897.9800,898.0430,898.0900,898.0970,898.0530,897.9630,897.8440,897.7200,897.6160,897.5510,897.5350,897.5680,897.6390,897.7330,897.8360,897.9360,898.0270,898.1080,898.1840,898.2600,898.3380,898.4190,898.4990,898.5730,898.6390,898.6920
1028.0000,882.7870,883.5160,884.3240,885.1770,886.0310,886.8390,887.5550,888.1420,888.5760,888.8430,888.9470,888.9020,888.7300,888.4610,888.1270,887.7630,887.4050,887.0880,886.8430,886.6970,886.6620,886.7350,886.8970,887.1110,887.3270,887.4990,887.5870,887.5740,887.4640,887.2880,887.0880,886.9140,886.8070,886.7900,886.8680,887.0210,887.2160,887.4110,887.5640,887.6400,887.6170,887.4900,887.2710,886.9850,886.6700,886.3670,886.1170,885.9480,885.8740,885.8960,885.9990,886.1600,886.3550,886.5640,886.7750,886.9850,887.1960,887.4120,887.6340,887.8530,888.0520,888.2110,888.3060,888.3220,888.2540,888.1130,887.9210,887.7100,887.5160,887.3710,887.2990,887.3150,887.4190,887.6040,887.8480,888.1280
1029.0000,849.0360,849.5700,850.2680,851.1300,852.1350,853.2380,854.3740,855.4710,856.4570,857.2740,857.8920,858.3040,858.5300,858.6070,858.5770,858.4810,858.3530,858.2180,858.0910,857.9870,857.9160,857.8810,857.8810,857.9020,857.9220,857.9110,857.8410,857.6920,857.4580,857.1500,856.7920,856.4180,856.0630,855.7530,855.5040,855.3160,855.1770,855.0630,854.9470,854.8050,854.6180,854.3830,854.1110,853.8290,853.5740,853.3840,853.2930,853.3160,853.4500,853.6670,853.9220,854.1560,854.3150,854.3630,854.2910,854.1210,853.9070,853.7120,853.5990,853.6150,853.7780,854.0780,854.4870,854.9650,855.4710,855.9680,856.4290,856.8330,857.1620,857.4040,857.5510,857.6030,857.5710,857.4740,857.3380,857.1900
1030.0000,937.3010,937.6460,938.1480,938.8210,939.6610,940.6370,941.6900,942.7490,943.7340,944.5780,945.2330,945.6780,945.9220,945.9930,945.9360,945.8000,945.6300,945.4630,945.3260,945.2310,945.1830,945.1730,945.1860,945.2040,945.2060,945.1730,945.0920,944.9600,944.7820,944.5720,944.3490,944.1290,943.9270,943.7510,943.5980,943.4620,943.3290,943.1880,943.0270,942.8400,942.6260,942.3940,942.1570,941.9280,941.7220,941.5460,941.4030,941.2910,941.2080,941.1510,941.1220,941.1220,941.1530,941.2150,941.3010,941.4030,941.5070,941.6010,941.6740,941.7230,941.7530,941.7770,941.8160,941.8970,942.0440,942.2800,942.6170,943.0550,943.5830,944.1800,944.8200,945.4730,946.1110,946.7110,947.2530,947.7260
1031.0000,881.3720,882.2390,883.2050,884.2280,885.2550,886.2350,887.1170,887.8650,888.4570,888.8860,889.1640,889.3080,889.3420,889.2870,889.1590,888.9750,888.7510,888.5130,888.2950,888.1350,888.0670,888.1140,888.2750,888.5300,888.8400,889.1600,889.4460,889.6690,889.8140,889.8790,889.8750,889.8150,889.7080,889.5610,889.3730,889.1350,888.8410,888.4840,888.0640,887.5900,887.0800,886.5620,886.0690,885.6360,885.2910,885.0550,884.9340,884.9220,885.0020,885.1450,885.3220,885.5000,885.6540,885.7710,885.8530,885.9160,885.9840,886.0810,886.2240,886.4150,886.6400,886.8770,887.0990,887.2900,887.4450,887.5770,887.7120,887.8790,888.1020,888.3930,888.7470,889.1440,889.5580,889.9610,890.3280,890.6460
1032.0000,189.6070,189.2260,188.9270,188.7620,188.7630,188.9370,189.2590,189.6740,190.1140,190.5040,190.7820,190.9090,190.8780,190.7070,190.4450,190.1490,189.8820,189.6920,189.6140,189.6570,189.8140,190.0600,190.3570,190.6660,190.9440,191.1590,191.2870,191.3210,191.2690,191.1540,191.0070,190.8640,190.7660,190.7470,190.8350,191.0430,191.3670,191.7770,192.2210,192.6270,192.9190,193.0320,192.9260,192.5930,192.0610,191.3830,190.6220,189.8410,189.0910,188.4120,187.8310,187.3650,187.0230,186.8080,186.7180,186.7470,186.8940,187.1600,187.5560,188.0920,188.7750,189.5930,190.5110,191.4630,192.3630,193.1150,193.6300,193.8430,193.7260,193.2880,192.5720,191.6440,190.5790,189.4550,188.3380,187.2880
1033.0000,620.1020,620.3340,620.6300,620.9790,621.3580,621.7340,622.0750,622.3460,622.5230,622.5950,622.5610,622.4340,622.2380,622.0030,621.7660,621.5640,621.4270,621.3810,621.4350,621.5850,621.8120,622.0840,622.3630,622.6080,622.7880,622.8810,622.8790,622.7930,622.6470,622.4760,622.3170,622.2060,622.1680,622.2130,622.3330,622.5030,622.6870,622.8470,622.9480,622.9670,622.8930,622.7330,622.5030,622.2300,621.9390,621.6550,621.4000,621.1850,621.0200,620.9080,620.8520,620.8520,620.9110,621.0300,621.2080,621.4410,621.7150,622.0130,622.3060,622.5630,622.7550,622.8560,622.8560,622.7620,622.5970,622.3960,622.2000,622.0450,621.9590,621.9540,622.0290,622.1720,622.3660,622.5910,622.8270,623.0590
1034.0000,1031.1200,1030.0700,1029.2100,1028.6900,1028.6000,1028.9700,1029.7500,1030.8000,1031.9700,1033.0700,1033.9500,1034.5400,1034.8000,1034.7600,1034.4900,1034.0800,1033.6200,1033.1900,1032.8300,1032.5800,1032.4400,1032.4300,1032.5000,1032.6300,1032.7600,1032.8400,1032.8500,1032.7600,1032.5800,1032.3600,1032.1200,1031.9200,1031.7900,1031.7200,1031.7100,1031.7400,1031.7700,1031.7700,1031.7400,1031.6600,1031.5300,1031.3600,1031.1600,1030.9500,1030.7300,1030.5200,1030.3400,1030.1800,1030.0500,1029.9700,1029.9300,1029.9500,1030.0100,1030.1100,1030.2300,1030.3700,1030.5100,1030.6200,1030.7100,1030.7800,1030.8400,1030.9100,1031.0200,1031.1900,1031.4100,1031.6800,1031.9700,1032.2700,1032.5300,1032.7500,1032.9100,1033.0400,1033.1600,1033.2900,1033.4600,1033.6700
1035.0000,1104.2900,1105.5600,1106.9500,1108.3900,1109.8200,1111.1800,1112.4200,1113.5000,1114.3800,1115.0600,1115.5400,1115.8100,1115.9200,1115.8700,1115.7100,1115.4700,1115.2000,1114.9300,1114.7000,1114.5500,1114.5100,1114.5700,1114.7100,1114.8800,1115.0500,1115.1500,1115.1700,1115.1000,1114.9600,1114.7800,1114.6000,1114.4600,1114.3600,1114.3100,1114.2900,1114.2600,1114.2100,1114.1100,1113.9300,1113.6800,1113.3600,1112.9900,1112.6100,1112.2400,1111.9200,1111.6500,1111.4400,1111.3000,1111.2200,1111.1900,1111.2200,1111.2900,1111.4000,1111.5300,1111.6600,1111.7700,1111.8400,1111.8600,1111.8000,1111.6700,1111.4900,1111.2900,1111.1200,1111.0500,1111.1200,1111.3600,1111.8000,1112.4200,1113.2100,1114.1200,1115.1000,1116.1200,1117.1200,1118.0800,1118.9500,1119.7300
2001.0000,982.4030,982.9770,983.7280,984.6690,985.7900,987.0610,988.4230,989.8040,991.1230,992.3000,993.2750,994.0050,994.4770,994.6990,994.7020,994.5300,994.2400,993.8900,993.5380,993.2360,993.0200,992.9090,992.9000,992.9660,993.0700,993.1660,993.2180,993.2030,993.1190,992.9850,992.8290,992.6850,992.5770,992.5140,992.4870,992.4680,992.4220,992.3110,992.1060,991.7950,991.3820,990.8870,990.3410,989.7790,989.2340,988.7370,988.3110,987.9710,987.7260,987.5750,987.5050,987.4980,987.5250,987.5610,987.5890,987.5990,987.5930,987.5750,987.5470,987.5100,987.4630,987.4130,987.3820,987.4090,987.5470,987.8510,988.3720,989.1370,990.1500,991.3850,992.7960,994.3160,995.8770,997.4080,998.8450,1000.1400
2002.0000,994.2060,994.8990,995.8440,997.0430,998.4620,1000.0300,1001.6200,1003.1200,1004.3900,1005.3200,1005.8200,1005.8600,1005.4600,1004.6700,1003.5900,1002.3300,1001.0400,999.8310,998.8090,998.0470,997.5810,997.4070,997.4830,997.7380,998.0890,998.4560,998.7820,999.0460,999.2610,999.4640,999.7080,1000.0300,1000.4700,1000.9900,1001.5800,1002.1800,1002.7300,1003.1800,1003.4900,1003.6200,1003.5700,1003.3500,1002.9900,1002.5400,1002.0300,1001.5200,1001.0400,1000.6300,1000.3100,1000.0800,999.9520,999.8970,999.8960,999.9260,999.9620,999.9810,999.9620,999.8810,999.7210,999.4720,999.1460,998.7800,998.4370,998.1930,998.1180,998.2600,998.6260,999.1850,999.8760,1000.6200,1001.3600,1002.0500,1002.6700,1003.2200,1003.7200,1004.1800
2003.0000,858.3040,858.0120,857.8200,857.7770,857.9120,858.2300,858.7090,859.3010,859.9440,860.5700,861.1190,861.5450,861.8190,861.9340,861.9050,861.7620,861.5480,861.3110,861.0980,860.9480,860.8880,860.9280,861.0580,861.2530,861.4740,861.6760,861.8190,861.8760,861.8340,861.7010,861.4980,861.2530,860.9910,860.7310,860.4830,860.2480,860.0230,859.8020,859.5800,859.3530,859.1230,858.8920,858.6710,858.4770,858.3340,858.2670,858.2960,858.4300,858.6610,858.9650,859.3020,859.6250,859.8870,860.0540,860.1100,860.0570,859.9160,859.7190,859.4960,859.2720,859.0610,858.8690,858.7030,858.5760,858.5090,858.5320,858.6720,858.9490,859.3630,859.8940,860.5070,861.1590,861.8050,862.4130,862.9610,863.4360
2005.0000,860.4220,860.7880,861.2880,861.9370,862.7310,863.6430,864.6240,865.6080,866.5220,867.3010,867.9000,868.2980,868.5020,868.5400,868.4520,868.2820,868.0700,867.8510,867.6520,867.4940,867.3930,867.3560,867.3790,867.4420,867.5110,867.5450,867.5010,867.3510,867.0840,866.7170,866.2830,865.8280,865.4000,865.0330,864.7520,864.5620,864.4570,864.4220,864.4360,864.4760,864.5220,864.5600,864.5810,864.5860,864.5830,864.5870,864.6140,864.6810,864.7950,864.9560,865.1490,865.3520,865.5350,865.6710,865.7400,865.7300,865.6410,865.4790,865.2540,864.9760,864.6630,864.3420,864.0510,863.8360,863.7460,863.8180,864.0720,864.5050,865.0930,865.7980,866.5760,867.3860,868.1950,868.9790,869.7200,870.4020
2006.0000,493.0970,493.9300,494.8610,495.8540,496.8640,497.8360,498.7150,499.4430,499.9750,500.2770,500.3350,500.1570,499.7710,499.2260,498.5800,497.8980,497.2420,496.6610,496.1930,495.8590,495.6640,495.5960,495.6340,495.7470,495.9030,496.0770,496.2540,496.4330,496.6230,496.8400,497.0940,497.3810,497.6840,497.9700,498.2020,498.3450,498.3780,498.2930,498.0970,497.8140,497.4770,497.1240,496.7920,496.5130,496.3090,496.1890,496.1520,496.1930,496.3070,496.4860,496.7250,497.0140,497.3330,497.6590,497.9650,498.2260,498.4210,498.5380,498.5660,498.4990,498.3340,498.0750,497.7360,497.3490,496.9550,496.6030,496.3390,496.1960,496.1910,496.3220,496.5760,496.9310,497.3610,497.8400,498.3400,498.8320
2007.0000,729.2100,729.5960,730.1170,730.7850,731.5940,732.5130,733.4960,734.4800,735.4020,736.2090,736.8640,737.3510,737.6730,737.8450,737.8900,737.8340,737.7000,737.5180,737.3160,737.1240,736.9710,736.8740,736.8380,736.8470,736.8750,736.8840,736.8420,736.7280,736.5400,736.2910,736.0090,735.7280,735.4770,735.2770,735.1350,735.0470,734.9940,734.9530,734.8950,734.7940,734.6350,734.4140,734.1410,733.8430,733.5560,733.3220,733.1780,733.1510,733.2490,733.4560,733.7330,734.0250,734.2700,734.4140,734.4270,734.3070,734.0820,733.7970,733.5030,733.2450,733.0570,732.9600,732.9680,733.0880,733.3270,733.6850,734.1560,734.7220,735.3590,736.0370,736.7310,737.4190,738.0910,738.7400,739.3600,739.9440
2008.0000,907.1540,907.0910,907.1500,907.3640,907.7510,908.3000,908.9750,909.7190,910.4660,911.1530,911.7270,912.1550,912.4260,912.5510,912.5590,912.4920,912.4010,912.3300,912.3180,912.3870,912.5420,912.7660,913.0280,913.2820,913.4780,913.5680,913.5180,913.3150,912.9680,912.5100,911.9880,911.4570,910.9630,910.5420,910.2090,909.9650,909.7980,909.6880,909.6100,909.5360,909.4420,909.3050,909.1160,908.8820,908.6240,908.3790,908.1860,908.0800,908.0800,908.1820,908.3600,908.5760,908.7850,908.9500,909.0530,909.0920,909.0840,909.0560,909.0330,909.0360,909.0760,909.1580,909.2860,909.4620,909.6910,909.9760,910.3170,910.7040,911.1170,911.5330,911.9230,912.2670,912.5500,912.7720,912.9380,913.0620
2009.0000,534.9100,534.5040,534.2070,534.0870,534.1950,534.5500,535.1330,535.8880,536.7300,537.5620,538.2860,538.8260,539.1320,539.1920,539.0290,538.6940,538.2540,537.7850,537.3580,537.0280,536.8330,536.7850,536.8750,537.0730,537.3370,537.6140,537.8590,538.0360,538.1270,538.1300,538.0580,537.9300,537.7710,537.6020,537.4380,537.2860,537.1450,537.0050,536.8520,536.6680,536.4420,536.1710,535.8660,535.5510,535.2600,535.0350,534.9100,534.9130,535.0500,535.3090,535.6520,536.0250,536.3650,536.6140,536.7270,536.6860,536.4950,536.1820,535.7890,535.3680,534.9690,534.6410,534.4280,534.3650,534.4760,534.7660,535.2190,535.8000,536.4580,537.1380,537.7890,538.3730,538.8730,539.2850,539.6190,539.8890
2010.0000,956.8090,956.9590,957.2700,957.7890,958.5440,959.5300,960.7090,962.0110,963.3450,964.6150,965.7380,966.6590,967.3590,967.8550,968.1940,968.4340,968.6350,968.8360,969.0530,969.2730,969.4570,969.5510,969.4930,969.2320,968.7370,968.0110,967.0960,966.0700,965.0350,964.0970,963.3470,962.8420,962.5940,962.5690,962.6990,962.8970,963.0770,963.1680,963.1260,962.9330,962.6000,962.1580,961.6550,961.1470,960.6970,960.3630,960.1980,960.2380,960.4960,960.9550,961.5690,962.2670,962.9620,963.5660,964.0040,964.2270,964.2120,963.9620,963.5020,962.8690,962.1170,961.3100,960.5330,959.8860,959.4780,959.4040,959.7290,960.4650,961.5680,962.9400,964.4500,965.9610,967.3550,968.5520,969.5130,970.2400
2011.0000,829.9740,829.7910,829.7840,830.0090,830.4960,831.2310,832.1620,833.2060,834.2680,835.2540,836.0950,836.7460,837.1920,837.4400,837.5150,837.4490,837.2760,837.0380,836.7760,836.5340,836.3520,836.2600,836.2680,836.3620,836.5030,836.6390,836.7150,836.6910,836.5520,836.3100,836.0010,835.6730,835.3700,835.1270,834.9600,834.8620,834.8120,834.7750,834.7090,834.5770,834.3510,834.0220,833.6000,833.1210,832.6350,832.2030,831.8790,831.7050,831.6960,831.8370,832.0850,832.3750,832.6360,832.8060,832.8450,832.7440,832.5240,832.2290,831.9120,831.6270,831.4180,831.3190,831.3540,831.5430,831.8970,832.4150,833.0860,833.8800,834.7520,835.6460,836.5060,837.2850,837.9510,838.4930,838.9190,839.2440
2012.0000,687.0440,687.3640,687.7680,688.2660,688.8530,689.5140,690.2120,690.9000,691.5220,692.0240,692.3630,692.5190,692.4930,692.3100,692.0140,691.6620,691.3120,691.0210,690.8290,690.7610,690.8220,690.9940,691.2440,691.5300,691.8070,692.0440,692.2230,692.3430,692.4130,692.4490,692.4600,692.4440,692.3900,692.2860,692.1200,691.8920,691.6180,691.3210,691.0310,690.7700,690.5550,690.3890,690.2670,690.1800,690.1150,690.0640,690.0190,689.9760,689.9340,689.8940,689.8570,689.8240,689.7940,689.7600,689.7140,689.6400,689.5230,689.3460,689.1020,688.7960,688.4560,688.1300,687.8840,687.7840,687.8870,688.2190,688.7740,689.5120,690.3690,691.2710,692.1490,692.9490,693.6370,694.1960,694.6320,694.9550
2013.0000,835.5720,835.6680,835.9440,836.4490,837.2000,838.1790,839.3240,840.5480,841.7510,842.8420,843.7560,844.4570,844.9370,845.2090,845.2950,845.2210,845.0140,844.7080,844.3420,843.9680,843.6420,843.4180,843.3260,843.3700,843.5180,843.7060,843.8610,843.9130,843.8190,843.5680,843.1870,842.7260,842.2450,841.7960,841.4160,841.1190,840.8950,840.7200,840.5610,840.3870,840.1760,839.9240,839.6420,839.3600,839.1140,838.9440,838.8840,838.9540,839.1570,839.4790,839.8850,840.3260,840.7450,841.0860,841.3040,841.3750,841.3010,841.1040,840.8240,840.5060,840.1930,839.9250,839.7330,839.6490,839.6950,839.8900,840.2400,840.7390,841.3660,842.0850,842.8570,843.6370,844.3890,845.0820,845.7000,846.2310
2014.0000,592.5650,592.8550,593.2520,593.7620,594.3710,595.0410,595.7120,596.3120,596.7670,597.0230,597.0500,596.8560,596.4810,595.9950,595.4860,595.0460,594.7520,594.6600,594.7930,595.1410,595.6600,596.2820,596.9230,597.4940,597.9180,598.1410,598.1410,597.9350,597.5710,597.1170,596.6430,596.2080,595.8500,595.5840,595.4090,595.3130,595.2830,595.3060,595.3670,595.4450,595.5140,595.5420,595.5060,595.3920,595.2060,594.9760,594.7400,594.5450,594.4310,594.4240,594.5310,594.7400,595.0200,595.3290,595.6210,595.8500,595.9820,595.9920,595.8740,595.6390,595.3170,594.9540,594.6050,594.3300,594.1760,594.1750,594.3360,594.6410,595.0570,595.5420,596.0570,596.5690,597.0580,597.5160,597.9390,598.3270
2015.0000,833.4740,833.6040,833.8510,834.2420,834.7850,835.4670,836.2510,837.0770,837.8780,838.5840,839.1380,839.5050,839.6770,839.6740,839.5360,839.3200,839.0860,838.8880,838.7680,838.7450,838.8210,838.9750,839.1750,839.3770,839.5380,839.6240,839.6160,839.5110,839.3260,839.0910,838.8410,838.6070,838.4120,838.2610,838.1510,838.0670,837.9910,837.9060,837.7960,837.6500,837.4590,837.2230,836.9430,836.6350,836.3160,836.0150,835.7570,835.5690,835.4660,835.4550,835.5310,835.6750,835.8630,836.0620,836.2420,836.3770,836.4460,836.4410,836.3630,836.2220,836.0440,835.8620,835.7210,835.6690,835.7460,835.9790,836.3750,836.9150,837.5570,838.2520,838.9430,839.5860,840.1490,840.6170,840.9900,841.2790
2016.0000,813.5940,814.2190,814.9370,815.7350,816.5900,817.4700,818.3300,819.1220,819.7950,820.3090,820.6410,820.7880,820.7700,820.6200,820.3850,820.1090,819.8330,819.5890,819.3960,819.2660,819.2010,819.1950,819.2360,819.3050,819.3810,819.4420,819.4680,819.4480,819.3770,819.2610,819.1130,818.9490,818.7860,818.6360,818.5050,818.3910,818.2890,818.1960,818.1100,818.0360,817.9790,817.9470,817.9400,817.9590,817.9980,818.0530,818.1230,818.2090,818.3140,818.4370,818.5700,818.6960,818.7920,818.8330,818.7980,818.6750,818.4620,818.1720,817.8220,817.4410,817.0640,816.7350,816.4990,816.3990,816.4680,816.7180,817.1370,817.6890,818.3280,819.0010,819.6670,820.2950,820.8750,821.4030,821.8830,822.3180
2017.0000,938.8410,939.8550,941.0370,942.3550,943.7620,945.1920,946.5690,947.8170,948.8720,949.6870,950.2420,950.5420,950.6160,950.5090,950.2760,949.9720,949.6460,949.3410,949.0870,948.9040,948.8020,948.7760,948.8090,948.8740,948.9350,948.9590,948.9220,948.8130,948.6410,948.4280,948.2030,947.9950,947.8230,947.6920,947.5980,947.5290,947.4690,947.4070,947.3360,947.2510,947.1490,947.0280,946.8820,946.7110,946.5150,946.2990,946.0760,945.8610,945.6740,945.5280,945.4330,945.3870,945.3790,945.3950,945.4240,945.4590,945.5020,945.5570,945.6280,945.7100,945.7950,945.8690,945.9230,945.9610,946.0040,946.0890,946.2610,946.5610,947.0200,947.6430,948.4160,949.2990,950.2380,951.1770,952.0630,952.8550
2018.0000,907.1960,908.2270,909.3950,910.6660,911.9970,913.3400,914.6420,915.8530,916.9280,917.8310,918.5380,919.0330,919.3120,919.3800,919.2550,918.9670,918.5610,918.0950,917.6360,917.2500,916.9920,916.8940,916.9560,917.1530,917.4320,917.7320,918.0000,918.1960,918.3060,918.3330,918.2950,918.2100,918.0880,917.9310,917.7260,917.4610,917.1250,916.7170,916.2470,915.7350,915.2100,914.7010,914.2400,913.8560,913.5730,913.4090,913.3710,913.4520,913.6310,913.8700,914.1230,914.3410,914.4830,914.5260,914.4650,914.3160,914.1050,913.8660,913.6240,913.4030,913.2240,913.1090,913.0880,913.1950,913.4610,913.9090,914.5430,915.3460,916.2820,917.3050,918.3660,919.4230,920.4450,921.4100,922.3030,923.1120
2019.0000,691.9370,691.9370,691.9970,692.1500,692.4250,692.8370,693.3820,694.0320,694.7340,695.4170,696.0050,696.4320,696.6540,696.6590,696.4730,696.1530,695.7740,695.4150,695.1420,694.9970,694.9930,695.1130,695.3220,695.5730,695.8210,696.0300,696.1780,696.2600,696.2810,696.2540,696.1890,696.0920,695.9640,695.8030,695.6090,695.3860,695.1470,694.9100,694.6940,694.5170,694.3900,694.3150,694.2910,694.3060,694.3490,694.4040,694.4550,694.4850,694.4820,694.4370,694.3460,694.2100,694.0330,693.8190,693.5680,693.2780,692.9480,692.5800,692.1840,691.7880,691.4360,691.1840,691.0940,691.2150,691.5760,692.1680,692.9520,693.8620,694.8240,695.7660,696.6310,697.3830,698.0060,698.5010,698.8760,699.1480
2020.0000,744.0960,744.9720,745.9910,747.1300,748.3470,749.5870,750.7840,751.8740,752.7950,753.5000,753.9600,754.1640,754.1190,753.8470,753.3840,752.7770,752.0810,751.3570,750.6670,750.0660,749.5990,749.2900,749.1470,749.1560,749.2900,749.5190,749.8120,750.1500,750.5200,750.9190,751.3410,751.7770,752.2100,752.6140,752.9560,753.2040,753.3340,753.3310,753.1930,752.9330,752.5700,752.1360,751.6630,751.1840,750.7320,750.3330,750.0050,749.7590,749.5940,749.4970,749.4520,749.4340,749.4220,749.4000,749.3570,749.2890,749.1990,749.0870,748.9580,748.8190,748.6840,748.5740,748.5200,748.5570,748.7160,749.0170,749.4650,750.0450,750.7330,751.4930,752.2880,753.0870,753.8620,754.5940,755.2680,755.8740
2021.0000,851.3920,852.3200,853.3880,854.5580,855.7760,856.9770,858.0890,859.0500,859.8140,860.3600,860.6910,860.8340,860.8320,860.7300,860.5690,860.3800,860.1830,859.9970,859.8380,859.7260,859.6840,859.7260,859.8550,860.0510,860.2700,860.4560,860.5490,860.5050,860.3030,859.9580,859.5090,859.0130,858.5310,858.1130,857.7910,857.5740,857.4530,857.4020,857.3880,857.3780,857.3470,857.2780,857.1720,857.0430,856.9180,856.8290,856.8090,856.8850,857.0660,857.3430,857.6840,858.0380,858.3460,858.5530,858.6210,858.5400,858.3220,858.0060,857.6340,857.2540,856.9050,856.6190,856.4240,856.3490,856.4160,856.6390,857.0200,857.5440,858.1800,858.8900,859.6330,860.3770,861.1000,861.7900,862.4410,863.0440
2022.0000,900.6450,901.8230,903.1420,904.5580,906.0110,907.4310,908.7490,909.9010,910.8440,911.5520,912.0300,912.2980,912.3950,912.3630,912.2430,912.0740,911.8870,911.7130,911.5790,911.5100,911.5200,911.6110,911.7660,911.9560,912.1400,912.2770,912.3380,912.3060,912.1830,911.9840,911.7320,911.4520,911.1680,910.8950,910.6410,910.4050,910.1790,909.9490,909.7010,909.4250,909.1190,908.7940,908.4660,908.1550,907.8790,907.6490,907.4680,907.3350,907.2470,907.2020,907.2010,907.2440,907.3290,907.4530,907.6090,907.7850,907.9690,908.1480,908.3070,908.4380,908.5330,908.5970,908.6400,908.6830,908.7530,908.8800,909.0950,909.4190,909.8650,910.4330,911.1080,911.8680,912.6780,913.5010,914.3010,915.0440
2023.0000,1034.5900,1033.8000,1033.1300,1032.6800,1032.5400,1032.7500,1033.2800,1034.0800,1035.0400,1036.0400,1036.9400,1037.6400,1038.0500,1038.1400,1037.9400,1037.5100,1036.9500,1036.3700,1035.8600,1035.5200,1035.3700,1035.4300,1035.6600,1035.9900,1036.3600,1036.7000,1036.9500,1037.0900,1037.1200,1037.0800,1037.0100,1036.9400,1036.9000,1036.8700,1036.8500,1036.7900,1036.6700,1036.4500,1036.1400,1035.7300,1035.2400,1034.7000,1034.1600,1033.6600,1033.2700,1033.0200,1032.9400,1033.0600,1033.3500,1033.7700,1034.2600,1034.7300,1035.1300,1035.4100,1035.5400,1035.5300,1035.4000,1035.2000,1034.9500,1034.6700,1034.3700,1034.0600,1033.7500,1033.4500,1033.2300,1033.1500,1033.2400,1033.5500,1034.0700,1034.7400,1035.4700,1036.1900,1036.7900,1037.2400,1037.5100,1037.6200
2024.0000,919.0040,919.6550,920.4300,921.3150,922.2810,923.2890,924.2850,925.2170,926.0340,926.7010,927.1960,927.5180,927.6780,927.7010,927.6140,927.4490,927.2370,927.0120,926.8050,926.6450,926.5570,926.5510,926.6250,926.7580,926.9170,927.0620,927.1560,927.1760,927.1120,926.9730,926.7810,926.5610,926.3360,926.1210,925.9230,925.7400,925.5630,925.3850,925.1970,924.9950,924.7790,924.5550,924.3320,924.1230,923.9380,923.7890,923.6800,923.6150,923.5890,923.5950,923.6210,923.6530,923.6800,923.6950,923.6970,923.6920,923.6930,923.7080,923.7470,923.8080,923.8880,923.9830,924.0890,924.2120,924.3640,924.5610,924.8210,925.1560,925.5680,926.0510,926.5880,927.1570,927.7350,928.2980,928.8270,929.3060
2025.0000,922.5890,922.6350,922.8160,923.1700,923.7180,924.4510,925.3280,926.2830,927.2320,928.0910,928.7900,929.2870,929.5760,929.6850,929.6670,929.5890,929.5140,929.4890,929.5360,929.6500,929.8080,929.9710,930.0930,930.1340,930.0590,929.8500,929.5060,929.0470,928.5110,927.9470,927.4080,926.9390,926.5640,926.2900,926.1050,925.9840,925.8990,925.8240,925.7390,925.6310,925.4960,925.3330,925.1540,924.9790,924.8350,924.7580,924.7790,924.9220,925.1910,925.5690,926.0150,926.4740,926.8870,927.2020,927.3850,927.4240,927.3300,927.1250,926.8360,926.4890,926.1070,925.7160,925.3470,925.0450,924.8600,924.8420,925.0230,925.4130,925.9880,926.6950,927.4680,928.2350,928.9400,929.5450,930.0380,930.4210
2026.0000,985.8040,986.8320,988.0080,989.2970,990.6450,991.9840,993.2390,994.3400,995.2250,995.8530,996.2050,996.2820,996.1040,995.7080,995.1480,994.4910,993.8150,993.1990,992.7170,992.4270,992.3560,992.4980,992.8140,993.2330,993.6730,994.0530,994.3110,994.4210,994.3890,994.2520,994.0620,993.8680,993.7050,993.5890,993.5150,993.4690,993.4320,993.3890,993.3260,993.2320,993.0940,992.9000,992.6440,992.3360,992.0020,991.6820,991.4250,991.2710,991.2420,991.3360,991.5270,991.7780,992.0480,992.3090,992.5450,992.7550,992.9430,993.1120,993.2570,993.3670,993.4290,993.4370,993.4010,993.3420,993.2930,993.2900,993.3540,993.4960,993.7040,993.9580,994.2310,994.5010,994.7580,995.0000,995.2310,995.4570
2027.0000,817.0250,816.6440,816.3520,816.2010,816.2310,816.4550,816.8560,817.3910,817.9970,818.6050,819.1470,819.5690,819.8350,819.9270,819.8490,819.6210,819.2810,818.8790,818.4710,818.1150,817.8620,817.7470,817.7840,817.9620,818.2500,818.5980,818.9520,819.2630,819.4910,819.6170,819.6360,819.5590,819.4010,819.1850,818.9290,818.6530,818.3730,818.1000,817.8460,817.6140,817.4110,817.2370,817.0970,816.9980,816.9490,816.9590,817.0330,817.1650,817.3420,817.5390,817.7240,817.8650,817.9360,817.9200,817.8140,817.6280,817.3820,817.1020,816.8110,816.5330,816.2880,816.0920,815.9660,815.9280,815.9980,816.1900,816.5100,816.9480,817.4860,818.0880,818.7160,819.3290,819.8930,820.3850,820.7930,821.1170
2028.0000,906.0410,906.8550,907.7800,908.7850,909.8260,910.8500,911.8060,912.6430,913.3270,913.8320,914.1550,914.3040,914.3010,914.1790,913.9740,913.7280,913.4810,913.2680,913.1200,913.0580,913.0860,913.1950,913.3590,913.5390,913.6910,913.7800,913.7800,913.6890,913.5230,913.3130,913.0970,912.9070,912.7610,912.6640,912.6030,912.5570,912.5010,912.4110,912.2730,912.0820,911.8410,911.5650,911.2740,910.9920,910.7470,910.5610,910.4510,910.4230,910.4730,910.5880,910.7420,910.9110,911.0710,911.2070,911.3120,911.3910,911.4550,911.5140,911.5760,911.6400,911.7020,911.7580,911.8050,911.8490,911.9030,911.9840,912.1090,912.2910,912.5340,912.8330,913.1760,913.5450,913.9260,914.3030,914.6640,914.9990
2029.0000,862.9530,862.7830,862.7530,862.9170,863.3050,863.9170,864.7200,865.6550,866.6480,867.6240,868.5170,869.2810,869.8880,870.3250,870.5970,870.7170,870.7110,870.6120,870.4630,870.3120,870.2040,870.1730,870.2340,870.3760,870.5620,870.7420,870.8560,870.8530,870.7020,870.3930,869.9430,869.3830,868.7540,868.0960,867.4450,866.8270,866.2610,865.7580,865.3210,864.9490,864.6390,864.3860,864.1940,864.0680,864.0220,864.0710,864.2270,864.4900,864.8440,865.2560,865.6760,866.0460,866.3110,866.4330,866.3970,866.2170,865.9310,865.5910,865.2510,864.9570,864.7390,864.6200,864.6120,864.7260,864.9720,865.3600,865.8870,866.5410,867.2890,868.0850,868.8740,869.6040,870.2340,870.7420,871.1240,871.3930
2030.0000,849.7970,850.1970,850.7370,851.4320,852.2740,853.2360,854.2720,855.3180,856.3080,857.1800,857.8900,858.4120,858.7460,858.9110,858.9380,858.8710,858.7490,858.6110,858.4850,858.3870,858.3240,858.2900,858.2710,858.2470,858.1970,858.1040,857.9610,857.7680,857.5390,857.2920,857.0490,856.8270,856.6380,856.4830,856.3540,856.2380,856.1170,855.9770,855.8080,855.6050,855.3730,855.1210,854.8610,854.6060,854.3700,854.1600,853.9840,853.8480,853.7570,853.7170,853.7320,853.8020,853.9240,854.0850,854.2700,854.4580,854.6260,854.7500,854.8140,854.8060,854.7320,854.6140,854.4910,854.4100,854.4200,854.5610,854.8540,855.2990,855.8770,856.5550,857.2920,858.0450,858.7760,859.4570,860.0670,860.5910
2031.0000,913.4300,914.4630,915.5980,916.7880,917.9760,919.1020,920.1180,920.9880,921.6960,922.2450,922.6510,922.9390,923.1360,923.2600,923.3230,923.3280,923.2800,923.1900,923.0790,922.9770,922.9170,922.9260,923.0160,923.1770,923.3840,923.5990,923.7790,923.8910,923.9090,923.8260,923.6470,923.3880,923.0750,922.7360,922.4010,922.0920,921.8190,921.5840,921.3720,921.1650,920.9410,920.6870,920.4010,920.0900,919.7750,919.4770,919.2200,919.0160,918.8690,918.7690,918.7010,918.6430,918.5750,918.4890,918.3910,918.2980,918.2380,918.2430,918.3370,918.5350,918.8380,919.2350,919.7040,920.2200,920.7580,921.2960,921.8170,922.3130,922.7780,923.2110,923.6110,923.9770,924.3090,924.6070,924.8720,925.1030
2032.0000,246.0960,245.8470,245.6210,245.4440,245.3390,245.3150,245.3710,245.4900,245.6500,245.8200,245.9710,246.0820,246.1380,246.1370,246.0890,246.0120,245.9270,245.8580,245.8220,245.8300,245.8860,245.9880,246.1290,246.2980,246.4850,246.6760,246.8630,247.0370,247.1930,247.3260,247.4300,247.5000,247.5330,247.5280,247.4910,247.4330,247.3680,247.3080,247.2540,247.1980,247.1190,246.9930,246.8040,246.5500,246.2440,245.9150,245.5960,245.3170,245.0980,244.9450,244.8530,244.8110,244.8010,244.8070,244.8110,244.8020,244.7720,244.7180,244.6490,244.5820,244.5430,244.5600,244.6590,244.8590,245.1600,245.5460,245.9800,246.4170,246.8060,247.1040,247.2780,247.3160,247.2210,247.0150,246.7300,246.4020
2033.0000,543.6370,544.1650,544.7590,545.3830,545.9890,546.5320,546.9700,547.2790,547.4480,547.4880,547.4210,547.2750,547.0810,546.8660,546.6500,546.4500,546.2790,546.1450,546.0550,546.0100,546.0070,546.0350,546.0800,546.1280,546.1690,546.2050,546.2420,546.2990,546.3910,546.5320,546.7220,546.9510,547.1960,547.4220,547.5900,547.6650,547.6160,547.4330,547.1240,546.7210,546.2710,545.8280,545.4440,545.1560,544.9810,544.9190,544.9530,545.0620,545.2190,545.4010,545.5910,545.7770,545.9550,546.1290,546.3110,546.5160,546.7550,547.0310,547.3300,547.6220,547.8660,548.0190,548.0460,547.9340,547.6970,547.3710,547.0090,546.6680,546.3980,546.2340,546.1930,546.2750,546.4660,546.7440,547.0840,547.4550
2034.0000,1020.2500,1020.9000,1021.7700,1022.8700,1024.1800,1025.6500,1027.1900,1028.6900,1030.0500,1031.1900,1032.0300,1032.5800,1032.8300,1032.8400,1032.6700,1032.3800,1032.0400,1031.6900,1031.3800,1031.1400,1031.0000,1030.9600,1031.0200,1031.1300,1031.2800,1031.3900,1031.4500,1031.4200,1031.2900,1031.0700,1030.7800,1030.4500,1030.1000,1029.7600,1029.4500,1029.1600,1028.9100,1028.6700,1028.4400,1028.2000,1027.9400,1027.6500,1027.3400,1027.0100,1026.6900,1026.3900,1026.1200,1025.8900,1025.7200,1025.6300,1025.6100,1025.6900,1025.8600,1026.1200,1026.4500,1026.8300,1027.2100,1027.5700,1027.8600,1028.0500,1028.1400,1028.1300,1028.0500,1027.9400,1027.8800,1027.9000,1028.0700,1028.4100,1028.9100,1029.5500,1030.3000,1031.1000,1031.9100,1032.6900,1033.4100,1034.0400
2035.0000,979.6670,980.7910,981.9750,983.1650,984.3060,985.3520,986.2680,987.0310,987.6330,988.0730,988.3610,988.5120,988.5470,988.4900,988.3630,988.1910,987.9990,987.8170,987.6750,987.6020,987.6170,987.7280,987.9220,988.1690,988.4330,988.6740,988.8640,988.9870,989.0410,989.0360,988.9810,988.8860,988.7540,988.5840,988.3720,988.1140,987.8070,987.4510,987.0540,986.6270,986.1910,985.7680,985.3860,985.0690,984.8340,984.6910,984.6410,984.6790,984.7950,984.9760,985.2070,985.4690,985.7440,986.0080,986.2370,986.4050,986.4890,986.4700,986.3420,986.1100,985.8040,985.4700,985.1700,984.9730,984.9330,985.0870,985.4430,985.9830,986.6670,987.4470,988.2770,989.1190,989.9470,990.7430,991.4950,992.1900
